time,chl_obs,chl_model,chl_pers
2003-02-18,1.5418499,1.8631545,1.7958353
2003-02-26,2.2197962,1.5868201,1.5418499
2003-03-06,3.2893417,2.3053079,2.2197962
2003-03-14,2.8951066,3.4631858,3.2893417
2003-03-22,4.4074287,3.024486,2.8951066
2003-03-30,6.424072,4.658748,4.4074287
2003-04-07,6.168683,6.945777,6.424072
2003-04-15,4.7786927,6.7503247,6.168683
2003-04-23,5.864217,5.2277517,4.7786927
2003-05-01,3.8495212,6.3863,5.864217
2003-05-09,4.501156,4.1794887,3.8495212
2003-05-17,6.309344,4.9947343,4.501156
2003-05-25,7.016858,6.9402833,6.309344
2003-06-02,6.376866,7.686912,7.016858
2003-06-10,6.833793,6.962247,6.376866
2003-06-18,4.805322,7.518951,6.833793
2003-06-26,6.43221,5.2810717,4.805322
2003-07-04,4.615883,7.0958004,6.43221
2003-07-12,6.6974206,5.0977936,4.615883
2003-07-20,4.790223,7.35218,6.6974206
2003-07-28,3.2444782,5.229324,4.790223
2003-08-05,5.002587,3.4858189,3.2444782
2003-08-13,4.8277574,5.3399854,5.002587
2003-08-21,5.9309688,5.152676,4.8277574
2003-08-29,5.2327576,6.2585,5.9309688
2003-09-06,6.023791,5.4027467,5.2327576
2003-09-14,6.558862,6.223624,6.023791
2003-09-22,6.3064327,6.8814054,6.558862
2003-09-30,3.8059113,6.639193,6.3064327
2003-10-08,4.316792,3.9879704,3.8059113
2003-10-16,4.6391187,4.572847,4.316792
2003-10-24,3.5154665,4.9400206,4.6391187
2003-11-01,1.9893955,3.7539709,3.5154665
2003-11-09,2.132691,2.0972524,1.9893955
2003-11-17,2.171029,2.2589138,2.132691
2003-11-25,1.6852218,2.2763448,2.171029
2003-12-03,1.895372,1.754903,1.6852218
2003-12-11,2.0848663,1.971683,1.895372
2003-12-19,1.372717,2.1477077,2.0848663
2003-12-27,1.4454992,1.4158561,1.372717
2004-01-01,1.7828571,1.4841952,1.4454992
2004-01-09,1.7735444,1.8220793,1.7828571
2004-01-17,1.5464535,1.8119768,1.7735444
2004-01-25,1.440012,1.5960068,1.5464535
2004-02-02,2.0759327,1.497213,1.440012
2004-02-10,3.6540477,2.1666784,2.0759327
2004-02-18,1.6024148,3.8082135,3.6540477
2004-02-26,2.3409004,1.6891937,1.6024148
2004-03-05,3.5029085,2.4927998,2.3409004
2004-03-13,5.404315,3.7779324,3.5029085
2004-03-21,6.0198326,5.860927,5.404315
2004-03-29,5.8358974,6.5389347,6.0198326
2004-04-06,7.331246,6.283997,5.8358974
2004-04-14,7.80151,8.007175,7.331246
2004-04-22,8.066002,8.639092,7.80151
2004-04-30,6.1988025,8.881909,8.066002
2004-05-08,5.763052,6.990743,6.1988025
2004-05-16,7.1225533,6.5195274,5.763052
2004-05-24,6.1605387,8.088778,7.1225533
2004-06-01,5.845212,6.969641,6.1605387
2004-06-09,5.227876,6.578412,5.845212
2004-06-17,4.054907,5.915136,5.227876
2004-06-25,4.72139,4.575171,4.054907
2004-07-03,5.186708,5.3449907,4.72139
2004-07-11,3.0965106,5.8253775,5.186708
2004-07-19,4.0135303,3.3839734,3.0965106
2004-07-27,3.5526595,4.3020988,4.0135303
2004-08-04,2.7014465,3.8605459,3.5526595
2004-08-12,2.6285686,2.897442,2.7014465
2004-08-20,3.632671,2.7868686,2.6285686
2004-08-28,3.8029656,3.8743963,3.632671
2004-09-05,3.9915595,4.0329175,3.8029656
2004-09-13,4.1949797,4.2564197,3.9915595
2004-09-21,4.7305493,4.4200563,4.1949797
2004-09-29,2.8401842,5.0226035,4.7305493
2004-10-07,2.4603772,3.0261528,2.8401842
2004-10-15,2.6763895,2.647837,2.4603772
2004-10-23,3.123433,2.886131,2.6763895
2004-10-31,3.2573168,3.3631172,3.123433
2004-11-08,4.4623413,3.4698071,3.2573168
2004-11-16,4.599076,4.7291617,4.4623413
2004-11-24,3.6624763,4.865831,4.599076
2004-12-02,3.8266716,3.873492,3.6624763
2004-12-10,3.8152342,4.0865555,3.8266716
2004-12-18,1.9460833,4.064918,3.8152342
2004-12-26,1.5671029,2.0600975,1.9460833
2005-01-01,1.469062,1.6566231,1.5671029
2005-01-09,2.6256251,1.5254363,1.469062
2005-01-17,2.7393935,2.6105845,2.6256251
2005-01-25,1.7643393,2.7378795,2.7393935
2005-02-02,1.820084,1.791808,1.7643393
2005-02-10,1.9130065,1.856823,1.820084
2005-02-18,1.9457209,1.9693738,1.9130065
2005-02-26,2.0436823,1.9871628,1.9457209
2005-03-06,1.8374381,2.0807824,2.0436823
2005-03-14,2.1068695,1.8790646,1.8374381
2005-03-22,2.0040324,2.1629252,2.1068695
2005-03-30,7.0349064,2.0497997,2.0040324
2005-04-07,8.15415,7.1157737,7.0349064
2005-04-15,4.844951,8.427688,8.15415
2005-04-23,7.5338135,5.1561074,4.844951
2005-05-01,4.8008237,8.113429,7.5338135
2005-05-09,5.4092703,5.2465196,4.8008237
2005-05-17,5.187905,5.9664545,5.4092703
2005-05-25,5.1141057,5.7139087,5.187905
2005-06-02,3.4971423,5.634623,5.1141057
2005-06-10,5.7344007,3.8709283,3.4971423
2005-06-18,8.261067,6.353742,5.7344007
2005-06-26,7.4870973,9.160676,8.261067
2005-07-04,4.8166466,8.300385,7.4870973
2005-07-12,6.061317,5.3473897,4.8166466
2005-07-20,4.7028584,6.7468176,6.061317
2005-07-28,5.4450355,5.179716,4.7028584
2005-08-05,4.4219875,5.9532933,5.4450355
2005-08-13,4.299046,4.792805,4.4219875
2005-08-21,3.6375349,4.6075153,4.299046
2005-08-29,6.1541796,3.8727186,3.6375349
2005-09-06,6.1335397,6.552722,6.1541796
2005-09-14,5.7197585,6.489026,6.1335397
2005-09-22,6.994846,6.059351,5.7197585
2005-09-30,5.701287,7.4252033,6.994846
2005-10-08,6.053188,6.1227083,5.701287
2005-10-16,6.4747357,6.5507464,6.053188
2005-10-24,5.060205,7.010628,6.4747357
2005-11-01,4.7670093,5.4891324,5.060205
2005-11-09,4.937526,5.154144,4.7670093
2005-11-17,7.3618255,5.3604255,4.937526
2005-11-25,3.483138,7.988297,7.3618255
2005-12-03,4.0368023,3.788059,3.483138
2005-12-11,3.9555142,4.3468943,4.0368023
2005-12-19,2.9401038,4.2637897,3.9555142
2005-12-27,2.2624357,3.1360724,2.9401038
2006-01-01,3.0517828,2.3502457,2.2624357
2006-01-09,4.1032295,3.192253,3.0517828
2006-01-17,4.178512,4.3009453,4.1032295
2006-01-25,4.2666416,4.4112015,4.178512
2006-02-02,5.2408786,4.5892925,4.2666416
2006-02-10,3.1015682,5.6895576,5.2408786
2006-02-18,5.520895,3.4070468,3.1015682
2006-02-26,3.3623836,6.0390434,5.520895
2006-03-06,3.2071593,3.6016486,3.3623836
2006-03-14,4.9858475,3.4055128,3.2071593
2006-03-22,5.611485,5.2848525,4.9858475
2006-03-30,2.625562,6.0546474,5.611485
2006-04-07,3.2944546,2.8749442,2.625562
2006-04-15,3.864415,3.5796695,3.2944546
2006-04-23,4.434246,4.179026,3.864415
2006-05-01,5.2300644,4.7871943,4.434246
2006-05-09,7.6730814,5.601261,5.2300644
2006-05-17,5.6079836,8.194561,7.6730814
2006-05-25,4.573242,6.0330744,5.6079836
2006-06-02,5.458993,4.9313416,4.573242
2006-06-10,7.1060266,5.9793816,5.458993
2006-06-18,5.924577,7.77427,7.1060266
2006-06-26,4.072216,6.5241895,5.924577
2006-07-04,2.884454,4.4090347,4.072216
2006-07-12,4.196136,3.133729,2.884454
2006-07-20,7.0190706,4.600623,4.196136
2006-07-28,4.9808497,7.6444244,7.0190706
2006-08-05,5.287677,5.4012136,4.9808497
2006-08-13,5.4406567,5.6530285,5.287677
2006-08-21,4.205951,5.7995715,5.4406567
2006-08-29,6.424214,4.487164,4.205951
2006-09-06,4.6187053,6.8699255,6.424214
2006-09-14,4.3691335,4.96585,4.6187053
2006-09-22,3.233263,4.6744766,4.3691335
2006-09-30,3.860848,3.475525,3.233263
2006-10-08,3.9902194,4.0813775,3.860848
2006-10-16,5.9560943,4.201759,3.9902194
2006-10-24,6.034643,6.3060646,5.9560943
2006-11-01,4.4602084,6.398565,6.034643
2006-11-09,2.312034,4.7094703,4.4602084
2006-11-17,4.5672226,2.444421,2.312034
2006-11-25,2.7217007,4.935208,4.5672226
2006-12-03,4.387087,2.929285,2.7217007
2006-12-11,1.7507765,4.764022,4.387087
2006-12-19,1.9733737,1.834172,1.7507765
2006-12-27,1.670093,2.0703228,1.9733737
2007-01-01,2.0246246,1.7468468,1.670093
2007-01-09,1.7606401,2.077734,2.0246246
2007-01-17,1.4687868,1.8009064,1.7606401
2007-01-25,1.080347,1.5258182,1.4687868
2007-02-02,1.3631314,1.1283568,1.080347
2007-02-10,1.4799742,1.4314971,1.3631314
2007-02-18,1.4697242,1.5406082,1.4799742
2007-02-26,2.4103403,1.5270821,1.4697242
2007-03-06,5.223158,2.5080724,2.4103403
2007-03-14,3.9448934,5.443114,5.223158
2007-03-22,4.1038876,4.24719,3.9448934
2007-03-30,5.9592366,4.464789,4.1038876
2007-04-07,3.8017478,6.5002728,5.9592366
2007-04-15,3.718059,4.215436,3.8017478
2007-04-23,4.9469748,3.9734561,3.718059
2007-05-01,4.9646773,5.4229856,4.9469748
2007-05-09,6.482121,5.559594,4.9646773
2007-05-17,7.274168,7.24216,6.482121
2007-05-25,6.465445,8.077397,7.274168
2007-06-02,4.9818144,7.1811666,6.465445
2007-06-10,4.324696,5.542157,4.9818144
2007-06-18,4.850744,4.836202,4.324696
2007-06-26,4.2523813,5.405885,4.850744
2007-07-04,4.10459,4.729762,4.2523813
2007-07-12,3.0415523,4.565511,4.10459
2007-07-20,3.4677088,3.329533,3.0415523
2007-07-28,3.618996,3.7983437,3.4677088
2007-08-05,3.889941,3.959963,3.618996
2007-08-13,3.8914034,4.239899,3.889941
2007-08-21,5.131294,4.203103,3.8914034
2007-08-29,4.4808197,5.572053,5.131294
2007-09-06,3.9295437,4.840069,4.4808197
2007-09-14,4.003918,4.2276773,3.9295437
2007-09-22,4.6449065,4.3049297,4.003918
2007-09-30,3.429138,5.0712585,4.6449065
2007-10-08,3.0705345,3.739592,3.429138
2007-10-16,3.4225526,3.307265,3.0705345
2007-10-24,3.4406688,3.6233406,3.4225526
2007-11-01,2.5762954,3.7132587,3.4406688
2007-11-09,3.121727,2.7559257,2.5762954
2007-11-17,3.0445678,3.3291864,3.121727
2007-11-25,2.8169222,3.2770348,3.0445678
2007-12-03,2.1134799,3.007015,2.8169222
2007-12-11,2.508352,2.255718,2.1134799
2007-12-19,2.069216,2.7005513,2.508352
2007-12-27,1.538346,2.1708083,2.069216
2008-01-01,2.058566,1.620931,1.538346
2008-01-09,2.4164186,2.1589358,2.058566
2008-01-17,2.358352,2.5144346,2.4164186
2008-01-25,1.6566837,2.475681,2.358352
2008-02-02,2.2240033,1.7507615,1.6566837
2008-02-10,2.7926466,2.3264263,2.2240033
2008-02-18,2.056615,2.9270792,2.7926466
2008-02-26,2.3665357,2.1519432,2.056615
2008-03-05,2.877883,2.463555,2.3665357
2008-03-13,3.5034585,3.0011885,2.877883
2008-03-21,5.7630916,3.727003,3.5034585
2008-03-29,3.648256,6.1334577,5.7630916
2008-04-06,6.4986815,3.909319,3.648256
2008-04-14,7.6374803,7.0397296,6.4986815
2008-04-22,5.628782,8.366521,7.6374803
2008-04-30,4.8037696,6.204337,5.628782
2008-05-08,4.184837,5.343315,4.8037696
2008-05-16,6.413964,4.6398325,4.184837
2008-05-24,4.8876934,7.103653,6.413964
2008-06-01,5.1751804,5.434382,4.8876934
2008-06-09,4.456343,5.7014427,5.1751804
2008-06-17,6.579857,4.92676,4.456343
2008-06-25,4.299087,7.3122363,6.579857
2008-07-03,2.679981,4.7532377,4.299087
2008-07-11,2.5594208,2.9205596,2.679981
2008-07-19,2.6684902,2.7819827,2.5594208
2008-07-27,4.2217293,2.8886912,2.6684902
2008-08-04,3.323652,4.52444,4.2217293
2008-08-12,2.3117309,3.550808,3.323652
2008-08-20,2.5343497,2.449838,2.3117309
2008-08-28,3.2531621,2.6794794,2.5343497
2008-09-05,5.0356407,3.4189484,3.2531621
2008-09-13,2.3991275,5.31665,5.0356407
2008-09-21,4.5996156,2.4794705,2.3991275
2008-09-29,3.4265878,4.832039,4.5996156
2008-10-07,1.9129773,3.6154284,3.4265878
2008-10-15,3.88481,1.9762686,1.9129773
2008-10-23,6.781122,4.113812,3.88481
2008-10-31,2.2342181,7.220802,6.781122
2008-11-08,1.7499958,2.3815794,2.2342181
2008-11-16,1.8804716,1.7870996,1.7499958
2008-11-24,1.2673478,1.9484127,1.8804716
2008-12-02,1.8978658,1.330899,1.2673478
2008-12-10,2.0189142,1.9668108,1.8978658
2008-12-18,1.4948144,2.1269238,2.0189142
2008-12-26,1.6816308,1.5342764,1.4948144
2009-01-01,2.0364542,1.7283335,1.6816308
2009-01-09,1.9510708,2.0577805,2.0364542
2009-01-17,2.4525037,2.0303512,1.9510708
2009-01-25,2.715769,2.5965927,2.4525037
2009-02-02,2.9024673,2.823482,2.715769
2009-02-10,1.642865,3.0666218,2.9024673
2009-02-18,2.0360544,1.7198896,1.642865
2009-02-26,2.5469356,2.0985422,2.0360544
2009-03-06,2.9926107,2.609351,2.5469356
2009-03-14,4.7057095,3.105859,2.9926107
2009-03-22,4.231009,4.9529877,4.7057095
2009-03-30,5.397981,4.461977,4.231009
2009-04-07,3.477978,5.7871075,5.397981
2009-04-15,5.5843177,3.7934,3.477978
2009-04-23,5.4415874,6.1096673,5.5843177
2009-05-01,5.3596673,6.0482802,5.4415874
2009-05-09,4.9383593,5.8849306,5.3596673
2009-05-17,5.3288054,5.4828544,4.9383593
2009-05-25,5.4856024,5.859164,5.3288054
2009-06-02,3.7816317,6.0317883,5.4856024
2009-06-10,3.8796258,4.168179,3.7816317
2009-06-18,2.882596,4.2612486,3.8796258
2009-06-26,4.707429,3.1403766,2.882596
2009-07-04,4.049124,5.0931373,4.707429
2009-07-12,4.4008946,4.315534,4.049124
2009-07-20,3.1788359,4.7072744,4.4008946
2009-07-28,3.6044197,3.439967,3.1788359
2009-08-05,7.085357,3.91801,3.6044197
2009-08-13,5.4184947,7.5040584,7.085357
2009-08-21,4.606247,5.847195,5.4184947
2009-08-29,4.646502,5.010909,4.606247
2009-09-06,5.108343,5.060748,4.646502
2009-09-14,3.83357,5.5072865,5.108343
2009-09-22,4.6096916,4.18599,3.83357
2009-09-30,3.995809,5.0229726,4.6096916
2009-10-08,2.7246916,4.3023033,3.995809
2009-10-16,3.903011,2.9360244,2.7246916
2009-10-24,1.9559029,4.1402364,3.903011
2009-11-01,2.8095615,2.0526161,1.9559029
2009-11-09,2.5798237,3.0005581,2.8095615
2009-11-17,2.161368,2.7422845,2.5798237
2009-11-25,2.1069987,2.298556,2.161368
2009-12-03,2.0018017,2.2090118,2.1069987
2009-12-11,2.3814163,2.057119,2.0018017
2009-12-19,1.7864099,2.437344,2.3814163
2009-12-27,2.6651654,1.8051418,1.7864099
2010-01-01,2.248186,2.6347148,2.6651654
2010-01-09,1.1281077,2.2506888,2.248186
2010-01-17,1.6609229,1.1338311,1.1281077
2010-01-25,2.0730846,1.6439488,1.6609229
2010-02-02,1.7725103,2.052833,2.0730846
2010-02-10,2.1563985,1.7780669,1.7725103
2010-02-18,1.3951316,2.1631453,2.1563985
2010-02-26,1.5692352,1.4277338,1.3951316
2010-03-06,2.4006674,1.5992653,1.5692352
2010-03-14,5.491864,2.437004,2.4006674
2010-03-22,6.254537,5.6024227,5.491864
2010-03-30,6.816448,6.5336547,6.254537
2010-04-07,4.7099733,7.224123,6.816448
2010-04-15,2.5897694,5.1036253,4.7099733
2010-04-23,3.2710543,2.856252,2.5897694
2010-05-01,4.579766,3.602216,3.2710543
2010-05-09,4.0388303,4.9549227,4.579766
2010-05-17,6.344127,4.4466248,4.0388303
2010-05-25,5.0335226,6.954579,6.344127
2010-06-02,3.2388763,5.612879,5.0335226
2010-06-10,2.3405454,3.650259,3.2388763
2010-06-18,2.9517524,2.625521,2.3405454
2010-06-26,5.125505,3.2826056,2.9517524
2010-07-04,3.8187008,5.6292253,5.125505
2010-07-12,4.3410144,4.127854,3.8187008
2010-07-20,3.249107,4.7117186,4.3410144
2010-07-28,3.367107,3.5192087,3.249107
2010-08-05,2.5878546,3.6157398,3.367107
2010-08-13,3.6234071,2.8069153,2.5878546
2010-08-21,6.062294,3.8312306,3.6234071
2010-08-29,7.6299887,6.505239,6.062294
2010-09-06,4.593596,8.194312,7.6299887
2010-09-14,4.2484455,4.995509,4.593596
2010-09-22,4.947189,4.623924,4.2484455
2010-09-30,3.0342638,5.368851,4.947189
2010-10-08,4.0851917,3.333364,3.0342638
2010-10-16,4.040569,4.47685,4.0851917
2010-10-24,4.3804755,4.396735,4.040569
2010-11-01,5.596904,4.628009,4.3804755
2010-11-09,4.466249,5.925584,5.596904
2010-11-17,3.4079983,4.69529,4.466249
2010-11-25,5.37638,3.5901563,3.4079983
2010-12-03,5.2638135,5.588651,5.37638
2010-12-11,5.8120766,5.473233,5.2638135
2010-12-19,2.815189,6.147937,5.8120766
2010-12-27,3.0828493,2.9902678,2.815189
2011-01-01,2.6925042,3.2733517,3.0828493
2011-01-09,2.910613,2.8434842,2.6925042
2011-01-17,2.931919,3.0675728,2.910613
2011-01-25,3.3551028,3.1095843,2.931919
2011-02-02,4.7293096,3.5746148,3.3551028
2011-02-10,3.9356506,5.0313654,4.7293096
2011-02-18,1.9967632,4.2424483,3.9356506
2011-02-26,3.1178355,2.1286407,1.9967632
2011-03-06,4.0705585,3.2730904,3.1178355
2011-03-14,2.763893,4.269043,4.0705585
2011-03-22,4.0001736,2.9687219,2.763893
2011-03-30,3.0279133,4.2972484,4.0001736
2011-04-07,4.33898,3.2967548,3.0279133
2011-04-15,4.497052,4.7132597,4.33898
2011-04-23,6.2883897,4.919086,4.497052
2011-05-01,8.759656,6.8376193,6.2883897
2011-05-09,5.456745,9.45333,8.759656
2011-05-17,5.1932764,6.012645,5.456745
2011-05-25,2.98948,5.7590456,5.1932764
2011-06-02,2.7698011,3.3236198,2.98948
2011-06-10,2.525784,3.0528805,2.7698011
2011-06-18,5.0649753,2.8123753,2.525784
2011-06-26,4.8658,5.6523733,5.0649753
2011-07-04,4.909317,5.377043,4.8658
2011-07-12,3.4782534,5.344563,4.909317
2011-07-20,2.6875875,3.7665417,3.4782534
2011-07-28,2.7926745,2.902516,2.6875875
2011-08-05,2.9518745,2.9989953,2.7926745
2011-08-13,4.7514052,3.1790805,2.9518745
2011-08-21,4.173198,5.121147,4.7514052
2011-08-29,4.916988,4.4717307,4.173198
2011-09-06,6.459992,5.240719,4.916988
2011-09-14,6.030936,6.887795,6.459992
2011-09-22,5.3058267,6.4886765,6.030936
2011-09-30,4.6209006,5.699547,5.3058267
2011-10-08,5.0665355,4.920746,4.6209006
2011-10-16,4.8606443,5.438023,5.0665355
2011-10-24,5.033069,5.250146,4.8606443
2011-11-01,5.070125,5.4435415,5.033069
2011-11-09,3.5021675,5.492321,5.070125
2011-11-17,2.6884422,3.850559,3.5021675
2011-11-25,1.6628083,2.9534094,2.6884422
2011-12-03,2.1895032,1.7904965,1.6628083
2011-12-11,1.9483948,2.353337,2.1895032
2011-12-19,2.3326597,2.1066859,1.9483948
2011-12-27,1.7260524,2.4985404,2.3326597
2012-01-01,1.404518,1.8259655,1.7260524
2012-01-09,2.1563513,1.4655966,1.404518
2012-01-17,1.5746405,2.2589421,2.1563513
2012-01-25,2.371791,1.621846,1.5746405
2012-02-02,1.8161083,2.4237568,2.371791
2012-02-10,1.6475912,1.8860401,1.8161083
2012-02-18,1.9139245,1.7155068,1.6475912
2012-02-26,2.8082035,2.0086427,1.9139245
2012-03-05,3.8916824,2.9525113,2.8082035
2012-03-13,2.1387334,4.04564,3.8916824
2012-03-21,3.016057,2.2559578,2.1387334
2012-03-29,2.808377,3.1799016,3.016057
2012-04-06,4.0214176,3.0264425,2.808377
2012-04-14,3.4081752,4.271842,4.0214176
2012-04-22,3.5579686,3.6725357,3.4081752
2012-04-30,4.3355346,3.8569112,3.5579686
2012-05-08,3.2860303,4.627548,4.3355346
2012-05-16,3.690703,3.5122337,3.2860303
2012-05-24,4.392032,3.9942405,3.690703
2012-06-01,4.090728,4.7323437,4.392032
2012-06-09,2.8790078,4.4965806,4.090728
2012-06-17,4.887271,3.1379313,2.8790078
2012-06-25,3.7819881,5.331601,4.887271
2012-07-03,5.359983,4.0969486,3.7819881
2012-07-11,3.5828767,5.857175,5.359983
2012-07-19,3.4876711,3.9452405,3.5828767
2012-07-27,2.7919617,3.7836232,3.4876711
2012-08-04,2.3053474,2.9803152,2.7919617
2012-08-12,2.031656,2.4800045,2.3053474
2012-08-20,2.3993266,2.1721222,2.031656
2012-08-28,2.7558417,2.540435,2.3993266
2012-09-05,4.22307,2.8974981,2.7558417
2012-09-13,3.0956957,4.4208703,4.22307
2012-09-21,2.3265605,3.2469122,3.0956957
2012-09-29,3.5793679,2.4231327,2.3265605
2012-10-07,2.1908882,3.7142205,3.5793679
2012-10-15,2.6042027,2.269027,2.1908882
2012-10-23,2.623863,2.6707466,2.6042027
2012-10-31,3.2858799,2.7272243,2.623863
2012-11-08,2.753486,3.4475083,3.2858799
2012-11-16,1.7329026,2.8060226,2.753486
2012-11-24,1.429506,1.7923988,1.7329026
2012-12-02,1.6892624,1.4539922,1.429506
2012-12-10,1.5116241,1.7137388,1.6892624
2012-12-18,1.6419871,1.5435692,1.5116241
2012-12-26,2.1220434,1.6442655,1.6419871
2013-01-01,2.8455298,2.127385,2.1220434
2013-01-09,1.9642133,2.8905158,2.8455298
2013-01-17,2.955482,2.0264385,1.9642133
2013-01-25,1.8170937,3.1004088,2.955482
2013-02-02,2.4848144,1.9133098,1.8170937
2013-02-10,3.1679513,2.6535301,2.4848144
2013-02-18,3.0286548,3.4148612,3.1679513
2013-02-26,3.564842,3.2844646,3.0286548
2013-03-06,4.006357,3.8420615,3.564842
2013-03-14,6.0943184,4.361455,4.006357
2013-03-22,7.2403874,6.6489067,6.0943184
2013-03-30,4.3100486,7.8781643,7.2403874
2013-04-07,2.8242676,4.732006,4.3100486
2013-04-15,3.7326577,3.0736306,2.8242676
2013-04-23,4.074511,4.107755,3.7326577
2013-05-01,4.203718,4.5440497,4.074511
2013-05-09,4.01591,4.642101,4.203718
2013-05-17,4.270112,4.398568,4.01591
2013-05-25,4.0077825,4.6747904,4.270112
2013-06-02,3.0897245,4.389605,4.0077825
2013-06-10,4.3063927,3.3860686,3.0897245
2013-06-18,5.066229,4.6645236,4.3063927
2013-06-26,4.2121024,5.5851398,5.066229
2013-07-04,3.3708737,4.6084657,4.2121024
2013-07-12,4.394822,3.6624823,3.3708737
2013-07-20,2.3533158,4.7616024,4.394822
2013-07-28,3.2587736,2.5366163,2.3533158
2013-08-05,3.0378292,3.5329714,3.2587736
2013-08-13,4.550775,3.260684,3.0378292
2013-08-21,3.3904083,4.8443885,4.550775
2013-08-29,4.6867785,3.6114125,3.3904083
2013-09-06,4.615925,4.909657,4.6867785
2013-09-14,4.388715,4.883203,4.615925
2013-09-22,5.1255374,4.664165,4.388715
2013-09-30,5.5216107,5.51818,5.1255374
2013-10-08,4.6790967,5.943041,5.5216107
2013-10-16,5.190921,5.1462836,4.6790967
2013-10-24,3.2230904,5.7114244,5.190921
2013-11-01,2.7204576,3.4799562,3.2230904
2013-11-09,2.3766565,2.9270148,2.7204576
2013-11-17,2.0670524,2.5586982,2.3766565
2013-11-25,2.8991892,2.2032998,2.0670524
2013-12-03,1.4020174,3.091059,2.8991892
2013-12-11,2.283643,1.4445581,1.4020174
2013-12-19,1.7287223,2.3809946,2.283643
2013-12-27,2.820442,1.7833228,1.7287223
2014-01-01,2.0803826,2.918692,2.820442
2014-01-09,1.4905338,2.1593895,2.0803826
2014-01-17,2.4815528,1.5614166,1.4905338
2014-01-25,1.8098341,2.622209,2.4815528
2014-02-02,1.625817,1.8947881,1.8098341
2014-02-10,1.8243234,1.6814556,1.625817
2014-02-18,2.3534758,1.8834143,1.8243234
2014-02-26,1.7180014,2.401384,2.3534758
2014-03-06,2.031597,1.774171,1.7180014
2014-03-14,2.823462,2.1169124,2.031597
2014-03-22,4.120824,2.9456031,2.823462
2014-03-30,5.5035634,4.3226266,4.120824
2014-04-07,4.3465247,5.6242085,5.5035634
2014-04-15,6.269661,4.559536,4.3465247
2014-04-23,5.180093,6.7611523,6.269661
2014-05-01,6.904998,5.6354575,5.180093
2014-05-09,6.4531474,7.430792,6.904998
2014-05-17,6.431859,7.0120564,6.4531474
2014-05-25,5.503964,7.1021037,6.431859
2014-06-02,6.461823,6.12317,5.503964
2014-06-10,4.7021484,7.1035857,6.461823
2014-06-18,5.7858763,5.0718327,4.7021484
2014-06-26,6.3546567,6.2459674,5.7858763
2014-07-04,3.7339895,6.893679,6.3546567
2014-07-12,2.6179125,4.0602355,3.7339895
2014-07-20,2.7718463,2.8434777,2.6179125
2014-07-28,2.394468,3.0165787,2.7718463
2014-08-05,2.1772814,2.5854805,2.394468
2014-08-13,2.1601923,2.3298943,2.1772814
2014-08-21,2.258007,2.2610774,2.1601923
2014-08-29,2.7856884,2.352941,2.258007
2014-09-06,3.5810509,2.860283,2.7856884
2014-09-14,3.1456318,3.719619,3.5810509
2014-09-22,1.7257301,3.2123106,3.1456318
2014-09-30,3.3897066,1.7003932,1.7257301
2014-10-08,1.8836397,3.3376994,3.3897066
2014-10-16,1.9354421,1.8720869,1.8836397
2014-10-24,1.5905986,1.9405524,1.9354421
2014-11-01,2.6558552,1.5381527,1.5905986
2014-11-09,1.9997708,2.6625597,2.6558552
2014-11-17,1.1377091,1.9893637,1.9997708
2014-11-25,1.5512767,1.1227286,1.1377091
2014-12-03,1.1222484,1.5554683,1.5512767
2014-12-11,1.2267587,1.1141416,1.1222484
2014-12-19,1.2883682,1.2052958,1.2267587
2014-12-27,1.2331619,1.254703,1.2883682
2015-01-01,1.6624862,1.2083151,1.2331619
2015-01-09,1.3586222,1.639434,1.6624862
2015-01-17,1.8244987,1.3595035,1.3586222
2015-01-25,1.758017,1.8472106,1.8244987
2015-02-02,1.2569661,1.8045388,1.758017
2015-02-10,1.4990652,1.2936538,1.2569661
2015-02-18,1.2533972,1.5449346,1.4990652
2015-02-26,2.6673844,1.2922326,1.2533972
2015-03-06,5.361254,2.7214797,2.6673844
2015-03-14,3.0188081,5.4935303,5.361254
2015-03-22,3.1534917,3.1944551,3.0188081
2015-03-30,4.025793,3.367941,3.1534917
2015-04-07,6.9134417,4.189372,4.025793
2015-04-15,5.3382053,7.462045,6.9134417
2015-04-23,4.7440834,5.841516,5.3382053
2015-05-01,5.0105114,5.177537,4.7440834
2015-05-09,4.9108124,5.570002,5.0105114
2015-05-17,3.6939437,5.44064,4.9108124
2015-05-25,3.2279558,4.070313,3.6939437
2015-06-02,3.5439105,3.5666723,3.2279558
2015-06-10,3.2569392,3.8992305,3.5439105
2015-06-18,4.757155,3.5532942,3.2569392
2015-06-26,2.9328806,5.105341,4.757155
2015-07-04,2.0166981,3.1446772,2.9328806
2015-07-12,2.8120253,2.127358,2.0166981
2015-07-20,2.4377558,2.9771905,2.8120253
2015-07-28,2.3119075,2.5419655,2.4377558
2015-08-05,1.5921037,2.386491,2.3119075
2015-08-13,2.6738088,1.590439,1.5921037
2015-08-21,1.5448598,2.7442806,2.6738088
2015-08-29,3.2896943,1.5591576,1.5448598
2015-09-06,3.04634,3.3169072,3.2896943
2015-09-14,3.215304,3.1040273,3.04634
2015-09-22,3.4543083,3.32082,3.215304
2015-09-30,3.2966588,3.5450883,3.4543083
2015-10-08,2.6149776,3.3954906,3.2966588
2015-10-16,1.7729841,2.6892874,2.6149776
2015-10-24,2.002202,1.7811142,1.7729841
2015-11-01,2.266318,2.0038173,2.002202
2015-11-09,3.3549,2.2506795,2.266318
2015-11-17,2.5237224,3.4497728,3.3549
2015-11-25,1.7743022,2.55795,2.5237224
2015-12-03,1.1056416,1.8138173,1.7743022
2015-12-11,1.4105147,1.1073445,1.1056416
2015-12-19,1.501496,1.4041632,1.4105147
2015-12-27,1.4528246,1.5057288,1.501496
2016-01-01,1.4323903,1.4415748,1.4528246
2016-01-09,1.4462771,1.4173672,1.4323903
2016-01-17,1.5567718,1.4329462,1.4462771
2016-01-25,1.644712,1.5443674,1.5567718
2016-02-02,2.1189418,1.6434286,1.644712
2016-02-10,1.7206897,2.1078062,2.1189418
2016-02-18,2.1009948,1.7334217,1.7206897
2016-02-26,1.778468,2.128972,2.1009948
2016-03-05,1.7569721,1.8201342,1.778468
2016-03-13,2.4197164,1.788171,1.7569721
2016-03-21,3.3091848,2.4364462,2.4197164
2016-03-29,5.224507,3.327197,3.3091848
2016-04-06,5.637413,5.3552704,5.224507
2016-04-14,3.0958655,5.965489,5.637413
2016-04-22,2.5181518,3.2924056,3.0958655
2016-04-30,3.52009,2.704962,2.5181518
2016-05-08,3.7065177,3.7307138,3.52009
2016-05-16,4.6092634,4.016953,3.7065177
2016-05-24,6.487608,4.9392977,4.6092634
2016-06-01,6.8267565,7.0493627,6.487608
2016-06-09,4.024073,7.4106936,6.8267565
2016-06-17,5.576664,4.3368473,4.024073
2016-06-25,6.4273453,5.9922037,5.576664
2016-07-03,5.2045345,6.9957647,6.4273453
2016-07-11,4.008527,5.6696157,5.2045345
2016-07-19,5.234245,4.3691936,4.008527
2016-07-27,4.7057853,5.7041454,5.234245
2016-08-04,3.3745556,5.1372194,4.7057853
2016-08-12,2.878309,3.627034,3.3745556
2016-08-20,2.4863753,3.0205944,2.878309
2016-08-28,2.8950546,2.6156871,2.4863753
2016-09-05,3.7041118,3.060901,2.8950546
2016-09-13,3.547593,3.866477,3.7041118
2016-09-21,2.8048313,3.7283921,3.547593
2016-09-29,3.8942163,2.8901231,2.8048313
2016-10-07,3.59842,4.0461025,3.8942163
2016-10-15,3.6116323,3.7497358,3.59842
2016-10-23,2.853661,3.7734263,3.6116323
2016-10-31,3.7384803,2.9522371,2.853661
2016-11-08,4.252036,3.9000502,3.7384803
2016-11-16,2.6014438,4.433226,4.252036
2016-11-24,2.73551,2.6549249,2.6014438
2016-12-02,3.2828872,2.7881413,2.73551
2016-12-10,2.6137764,3.305989,3.2828872
2016-12-18,2.8110788,2.6973822,2.6137764
2016-12-26,3.2434866,2.8879268,2.8110788
2017-01-01,1.9141015,3.3241355,3.2434866
2017-01-09,2.2623281,1.9782872,1.9141015
2017-01-17,2.3924854,2.3346996,2.2623281
2017-01-25,2.7312624,2.456328,2.3924854
2017-02-02,2.3789856,2.7868793,2.7312624
2017-02-10,2.4914184,2.4315958,2.3789856
2017-02-18,2.0751488,2.5408735,2.4914184
2017-02-26,2.451404,2.1303122,2.0751488
2017-03-06,4.8997593,2.5134296,2.451404
2017-03-14,3.649338,5.011747,4.8997593
2017-03-22,2.5026846,3.8367257,3.649338
2017-03-30,2.6549585,2.6559656,2.5026846
2017-04-07,5.61946,2.8157463,2.6549585
2017-04-15,4.1387653,5.9390984,5.61946
2017-04-23,2.8023055,4.4597282,4.1387653
2017-05-01,4.292234,3.024636,2.8023055
2017-05-09,4.6384516,4.6350627,4.292234
2017-05-17,4.6895022,5.056085,4.6384516
2017-05-25,5.093899,5.0415854,4.6895022
2017-06-02,4.110387,5.5200424,5.093899
2017-06-10,5.6808705,4.487799,4.110387
2017-06-18,4.3651657,6.282743,5.6808705
2017-06-26,3.4649396,4.8581386,4.3651657
2017-07-04,6.254673,3.7885375,3.4649396
2017-07-12,5.720324,6.917061,6.254673
2017-07-20,5.0049005,6.260876,5.720324
2017-07-28,4.5245237,5.444656,5.0049005
2017-08-05,3.2928197,4.920065,4.5245237
2017-08-13,3.3051965,3.5713017,3.2928197
2017-08-21,2.3183668,3.538756,3.3051965
2017-08-29,3.1689641,2.4556744,2.3183668
2017-09-06,2.9966848,3.3439875,3.1689641
2017-09-14,4.3880367,3.1551313,2.9966848
2017-09-22,5.597887,4.6117597,4.3880367
2017-09-30,4.956752,5.898981,5.597887
2017-10-08,3.915826,5.22237,4.956752
2017-10-16,4.3900714,4.1485667,3.915826
2017-10-24,3.898287,4.6892595,4.3900714
2017-11-01,3.2942564,4.1711397,3.898287
2017-11-09,2.7886553,3.5538301,3.2942564
2017-11-17,3.3962831,2.955866,2.7886553
2017-11-25,3.4240248,3.537673,3.3962831
2017-12-03,2.921868,3.5614574,3.4240248
2017-12-11,2.144747,2.9855387,2.921868
2017-12-19,1.746787,2.2331479,2.144747
2017-12-27,2.1155825,1.8089002,1.746787
2018-01-01,2.1249018,2.2230594,2.1155825
2018-01-09,1.958974,2.2106118,2.1249018
2018-01-17,2.0725305,2.0048523,1.958974
2018-01-25,2.1037507,2.1142423,2.0725305
2018-02-02,3.6753104,2.1522398,2.1037507
2018-02-10,2.0637078,3.8410783,3.6753104
2018-02-18,1.68564,2.1699715,2.0637078
2018-02-26,1.89424,1.7669196,1.68564
2018-03-06,2.5013068,1.9659705,1.89424
2018-03-14,1.9915072,2.602111,2.5013068
2018-03-22,2.6452386,2.088166,1.9915072
2018-03-30,6.155056,2.7758977,2.6452386
2018-04-07,4.735633,6.5173235,6.155056
2018-04-15,6.0279756,5.01367,4.735633
2018-04-23,3.78433,6.4464283,6.0279756
2018-05-01,4.944493,4.126987,3.78433
2018-05-09,4.982182,5.446184,4.944493
2018-05-17,4.894488,5.507469,4.982182
2018-05-25,3.844217,5.3988843,4.894488
2018-06-02,6.905112,4.2433577,3.844217
2018-06-10,3.4553404,7.633717,6.905112
2018-06-18,5.82811,3.8461843,3.4553404
2018-06-26,3.6972146,6.436604,5.82811
2018-07-04,4.621103,4.0661798,3.6972146
2018-07-12,2.24937,4.9884553,4.621103
2018-07-20,2.4541035,2.3894424,2.24937
2018-07-28,2.9485085,2.5794563,2.4541035
2018-08-05,7.2659307,3.0888293,2.9485085
2018-08-13,3.1969452,7.6280365,7.2659307
2018-08-21,2.264067,3.373421,3.1969452
2018-08-29,2.5962572,2.3897417,2.264067
2018-09-06,3.6503644,2.7151306,2.5962572
2018-09-14,4.8231463,3.8044631,3.6503644
2018-09-22,3.9602377,5.1134286,4.8231463
2018-09-30,2.50521,4.2497444,3.9602377
2018-10-08,4.040309,2.6567085,2.50521
2018-10-16,3.7212734,4.2970214,4.040309
2018-10-24,2.861305,3.928315,3.7212734
2018-11-01,3.0287082,2.9619834,2.861305
2018-11-09,3.0816052,3.1704123,3.0287082
2018-11-17,2.4773548,3.2365468,3.0816052
2018-11-25,1.6829673,2.6049402,2.4773548
2018-12-03,2.3222082,1.7112781,1.6829673
2018-12-11,2.1980376,2.351309,2.3222082
2018-12-19,1.5280335,2.2206724,2.1980376
2018-12-27,1.4358469,1.5307369,1.5280335
2019-01-01,1.2573926,1.4283012,1.4358469
2019-01-09,1.2626041,1.2643619,1.2573926
2019-01-17,1.5680732,1.2661283,1.2626041
2019-01-25,1.9647161,1.5491245,1.5680732
2019-02-02,1.4018236,1.9383974,1.9647161
2019-02-10,1.6425123,1.3923173,1.4018236
2019-02-18,2.1038787,1.6180482,1.6425123
2019-02-26,1.9141892,2.0612755,2.1038787
2019-03-06,2.5647502,1.9172357,1.9141892
2019-03-14,3.1950026,2.5761003,2.5647502
2019-03-22,2.3776188,3.211183,3.1950026
2019-03-30,3.598532,2.431342,2.3776188
2019-04-07,2.6788223,3.685013,3.598532
2019-04-15,4.598783,2.7406535,2.6788223
2019-04-23,6.1767526,4.7157006,4.598783
2019-05-01,5.2043076,6.414517,6.1767526
2019-05-09,3.5382166,5.4562206,5.2043076
2019-05-17,2.9920833,3.7417424,3.5382166
2019-05-25,4.4178305,3.1476285,2.9920833
2019-06-02,4.8851876,4.585738,4.4178305
2019-06-10,6.2714543,5.1695147,4.8851876
2019-06-18,5.492131,6.6637216,6.2714543
2019-06-26,4.730598,5.8514185,5.492131
2019-07-04,4.019416,4.9822216,4.730598
2019-07-12,3.6482065,4.275856,4.019416
2019-07-20,4.6572604,3.8380387,3.6482065
2019-07-28,5.2000804,4.9506273,4.6572604
2019-08-05,7.222891,5.471641,5.2000804
2019-08-13,6.4816575,7.43413,7.222891
2019-08-21,5.7030215,6.747896,6.4816575
2019-08-29,5.435337,5.892599,5.7030215
2019-09-06,4.9430175,5.5343285,5.435337
2019-09-14,5.894437,5.064018,4.9430175
2019-09-22,4.8737807,6.1476207,5.894437
2019-09-30,5.0862293,5.0253043,4.8737807
2019-10-08,6.9953156,5.320495,5.0862293
2019-10-16,3.718177,7.2802424,6.9953156
2019-10-24,5.8546243,3.89791,3.718177
2019-11-01,6.4741,6.075837,5.8546243
2019-11-09,3.7419908,6.752349,6.4741
2019-11-17,2.9778008,3.8579595,3.7419908
2019-11-25,2.684745,3.1064658,2.9778008
2019-12-03,1.5011545,2.7603889,2.684745
2019-12-11,1.8826108,1.5090646,1.5011545
2019-12-19,1.7318606,1.8681141,1.8826108
2019-12-27,1.8989985,1.6949768,1.7318606
2020-01-01,2.4395568,1.8815502,1.8989985
2020-01-09,1.595009,2.4165077,2.4395568
2020-01-17,1.5863887,1.6141052,1.595009
2020-01-25,1.5442698,1.6106867,1.5863887
2020-02-02,1.4556214,1.5635697,1.5442698
2020-02-10,1.8724933,1.4814029,1.4556214
2020-02-18,2.5015702,1.9000217,1.8724933
2020-02-26,3.0242321,2.565645,2.5015702
2020-03-05,3.0677195,3.0835304,3.0242321
2020-03-13,1.5225773,3.1380022,3.0677195
2020-03-21,2.0766904,1.5578064,1.5225773
2020-03-29,3.2602046,2.127141,2.0766904
2020-04-06,5.2169213,3.2704434,3.2602046
2020-04-14,4.3289046,5.439994,5.2169213
2020-04-22,7.6494045,4.4726286,4.3289046
2020-04-30,9.067828,7.6502976,7.6494045
2020-05-08,4.307419,9.438682,9.067828
2020-05-16,3.0823507,4.55467,4.307419
2020-05-24,3.3015842,3.2413776,3.0823507
2020-06-01,4.4569507,3.5565755,3.3015842
2020-06-09,5.5684247,4.816318,4.4569507
2020-06-17,4.7354674,6.0223265,5.5684247
2020-06-25,5.043973,5.1204643,4.7354674
2020-07-03,4.697293,5.400125,5.043973
2020-07-11,4.9157453,4.9511337,4.697293
2020-07-19,2.9407382,5.1289134,4.9157453
2020-07-27,3.0141668,3.0101066,2.9407382
2020-08-04,3.6533825,3.0775752,3.0141668
2020-08-12,5.1450286,3.7929962,3.6533825
2020-08-20,3.2887816,5.3358383,5.1450286
2020-08-28,3.9427197,3.4099257,3.2887816
2020-09-05,4.989063,4.0844307,3.9427197
2020-09-13,4.1170945,5.049214,4.989063
2020-09-21,3.635879,4.0817986,4.1170945
2020-09-29,3.001508,3.6465745,3.635879
2020-10-07,3.3858333,3.0190105,3.001508
2020-10-15,5.1433673,3.43576,3.3858333
2020-10-23,5.6186666,5.284629,5.1433673
2020-10-31,4.012542,5.6830726,5.6186666
2020-11-08,3.4385498,4.062951,4.012542
2020-11-16,5.16919,3.44441,3.4385498
2020-11-24,3.6821601,5.3355284,5.16919
2020-12-02,3.8354876,3.7713223,3.6821601
2020-12-10,2.356201,4.0054283,3.8354876
2020-12-18,3.0884416,2.4712563,2.356201
2020-12-26,2.1558309,3.2056708,3.0884416
2021-01-01,2.6323729,2.250955,2.1558309
2021-01-09,2.1665845,2.6874735,2.6323729
2021-01-17,1.9923437,2.2042718,2.1665845
2021-01-25,1.5591435,2.039189,1.9923437
2021-02-02,2.3274844,1.57303,1.5591435
2021-02-10,1.9423066,2.341447,2.3274844
2021-02-18,3.6755464,1.975742,1.9423066
2021-02-26,5.5437164,3.7370937,3.6755464
2021-03-06,5.062049,5.643883,5.5437164
2021-03-14,4.2276196,5.273494,5.062049
2021-03-22,5.22187,4.364264,4.2276196
2021-03-30,5.3271666,5.429168,5.22187
2021-04-07,4.838426,5.7254634,5.3271666
2021-04-15,4.3692455,5.2163916,4.838426
2021-04-23,7.4961557,4.7289777,4.3692455
2021-05-01,4.853705,8.043652,7.4961557
2021-05-09,3.4358766,5.2534065,4.853705
2021-05-17,2.9363937,3.739188,3.4358766
2021-05-25,3.4083292,3.1326551,2.9363937
2021-06-02,4.827525,3.657922,3.4083292
2021-06-10,5.1248293,5.188289,4.827525
2021-06-18,2.6989517,5.4710274,5.1248293
2021-06-26,2.2225616,2.874552,2.6989517
