month,rmse_log_model,rmse_log_pers,mae_log_model,mae_log_pers,rmse_mg_model,rmse_mg_pers,mae_mg_model,mae_mg_pers,skill_log_pct,skill_mg_pct
1,0.5974883,0.65253717,0.4382003,0.46189705,1.9588093,2.399856,0.90696156,1.02606,8.4361315,18.378056
2,0.6426224,0.7216747,0.47620493,0.5204848,2.738508,3.146747,1.1638131,1.3155047,10.954004,12.973368
3,0.824512,0.9348432,0.61349005,0.67006046,5.2186265,6.0281487,2.3754957,2.7340462,11.802107,13.429033
4,0.93812066,1.076138,0.71597695,0.7813391,6.86682,8.275325,3.3862748,4.0470853,12.825245,17.020542
5,0.93573904,1.0764201,0.7044479,0.7648001,7.002954,8.621326,3.3621054,4.043748,13.069344,18.771732
6,0.8879335,1.0214978,0.65827495,0.71465933,6.5590353,8.037058,3.0583756,3.6016803,13.075346,18.390095
7,0.84052616,0.9213748,0.6113847,0.6260612,5.5139675,6.7463994,2.36693,2.7467942,8.774781,18.267996
8,0.82769775,0.8989185,0.61174214,0.60477155,5.49906,6.4712243,2.328457,2.5965085,7.9229355,15.02288
9,0.80164766,0.88339037,0.60747254,0.62036836,5.278912,6.439484,2.5102687,2.9908676,9.253293,18.02275
10,0.7746174,0.8386647,0.58491766,0.5801439,4.8741274,5.919529,2.2099702,2.5994835,7.6368213,17.66022
11,0.7351612,0.7918453,0.5550023,0.5581584,4.0902863,5.072624,1.777679,2.1308937,7.1584883,19.365479
12,0.6548581,0.7004696,0.48313934,0.48540774,3.0822644,3.8214874,1.1689161,1.3640835,6.5115633,19.343853
