time,chl_obs,chl_model,chl_pers
2003-02-18,1.5418499,1.5784388,1.7958354
2003-02-26,2.2197964,1.6671821,1.5418499
2003-03-06,3.2893422,2.2715154,2.2197964
2003-03-14,2.8951066,3.0548658,3.2893422
2003-03-22,4.4074287,3.0352716,2.8951066
2003-03-30,6.4240727,3.9036944,4.4074287
2003-04-07,6.168682,4.61142,6.4240727
2003-04-15,4.7786922,4.6805067,6.168682
2003-04-23,5.8642163,4.1274185,4.7786922
2003-05-01,3.8495207,4.8500023,5.8642163
2003-05-09,4.5011554,3.9276953,3.8495207
2003-05-17,6.309344,4.61017,4.5011554
2003-05-25,7.016858,5.269947,6.309344
2003-06-02,6.376867,5.3182673,7.016858
2003-06-10,6.833793,4.7999945,6.376867
2003-06-18,4.805322,5.3719254,6.833793
2003-06-26,6.43221,4.8590703,4.805322
2003-07-04,4.6158824,5.292147,6.43221
2003-07-12,6.6974206,4.247497,4.6158824
2003-07-20,4.7902226,5.31001,6.6974206
2003-07-28,3.2444782,4.1296654,4.7902226
2003-08-05,5.002587,3.0344856,3.2444782
2003-08-13,4.827757,4.120622,5.002587
2003-08-21,5.9309697,4.1967854,4.827757
2003-08-29,5.2327576,4.7674947,5.9309697
2003-09-06,6.023791,4.5327697,5.2327576
2003-09-14,6.558862,5.1044555,6.023791
2003-09-22,6.3064327,5.401425,6.558862
2003-09-30,3.8059113,5.0340853,6.3064327
2003-10-08,4.3167925,3.6516428,3.8059113
2003-10-16,4.6391187,3.8457665,4.3167925
2003-10-24,3.5154662,3.7253168,4.6391187
2003-11-01,1.9893956,3.3021789,3.5154662
2003-11-09,2.132691,2.3178742,1.9893956
2003-11-17,2.171029,2.180227,2.132691
2003-11-25,1.6852219,2.3543293,2.171029
2003-12-03,1.895372,1.8395771,1.6852219
2003-12-11,2.0848663,1.7019187,1.895372
2003-12-19,1.372717,1.9023026,2.0848663
2003-12-27,1.4454992,1.3579155,1.372717
2004-01-01,1.782857,1.6069896,1.4454992
2004-01-09,1.7735443,1.7074276,1.782857
2004-01-17,1.5464534,1.5055412,1.7735443
2004-01-25,1.440012,1.5942764,1.5464534
2004-02-02,2.0759327,1.6419867,1.440012
2004-02-10,3.6540477,2.3595564,2.0759327
2004-02-18,1.6024151,2.8552601,3.6540477
2004-02-26,2.3409002,1.7479613,1.6024151
2004-03-05,3.5029087,2.477938,2.3409002
2004-03-13,5.4043145,3.4408808,3.5029087
2004-03-21,6.019832,4.1859393,5.4043145
2004-03-29,5.835898,4.4621277,6.019832
2004-04-06,7.3312464,4.7908907,5.835898
2004-04-14,7.80151,5.8423915,7.3312464
2004-04-22,8.066002,5.9456334,7.80151
2004-04-30,6.1988025,6.3781676,8.066002
2004-05-08,5.763052,5.368523,6.1988025
2004-05-16,7.1225533,5.258381,5.763052
2004-05-24,6.1605387,6.311249,7.1225533
2004-06-01,5.845212,5.8032804,6.1605387
2004-06-09,5.227876,5.637195,5.845212
2004-06-17,4.054907,5.4012475,5.227876
2004-06-25,4.7213902,4.135662,4.054907
2004-07-03,5.1867085,4.562657,4.7213902
2004-07-11,3.09651,4.455204,5.1867085
2004-07-19,4.0135303,3.306369,3.09651
2004-07-27,3.5526595,3.595159,4.0135303
2004-08-04,2.701447,3.2657442,3.5526595
2004-08-12,2.6285691,2.9331763,2.701447
2004-08-20,3.632671,2.7616885,2.6285691
2004-08-28,3.8029656,3.2277296,3.632671
2004-09-05,3.9915593,3.330121,3.8029656
2004-09-13,4.1949787,3.4769313,3.9915593
2004-09-21,4.7305493,3.773156,4.1949787
2004-09-29,2.840185,4.341397,4.7305493
2004-10-07,2.4603772,3.2484138,2.840185
2004-10-15,2.6763895,2.9569376,2.4603772
2004-10-23,3.123433,2.5545413,2.6763895
2004-10-31,3.2573168,2.7384326,3.123433
2004-11-08,4.4623413,2.7720914,3.2573168
2004-11-16,4.5990753,3.20199,4.4623413
2004-11-24,3.6624763,3.5062692,4.5990753
2004-12-02,3.8266714,3.2743428,3.6624763
2004-12-10,3.8152342,3.0975525,3.8266714
2004-12-18,1.9460835,2.8180585,3.8152342
2004-12-26,1.5671028,1.8630066,1.9460835
2005-01-01,1.469062,1.4336094,1.5671028
2005-01-09,2.6256251,1.3351068,1.469062
2005-01-17,2.7393935,2.105093,2.6256251
2005-01-25,1.7643393,2.131608,2.7393935
2005-02-02,1.820084,1.6391555,1.7643393
2005-02-10,1.9130065,2.001324,1.820084
2005-02-18,1.9457208,1.8691845,1.9130065
2005-02-26,2.0436823,1.7061706,1.9457208
2005-03-06,1.837438,1.8445648,2.0436823
2005-03-14,2.1068695,2.195739,1.837438
2005-03-22,2.0040324,2.3854313,2.1068695
2005-03-30,7.0349064,2.437484,2.0040324
2005-04-07,8.15415,4.9632406,7.0349064
2005-04-15,4.844951,5.856869,8.15415
2005-04-23,7.533814,4.4290304,4.844951
2005-05-01,4.8008237,5.3633375,7.533814
2005-05-09,5.40927,4.0269217,4.8008237
2005-05-17,5.1879053,4.799363,5.40927
2005-05-25,5.1141057,4.7312903,5.1879053
2005-06-02,3.497142,4.692211,5.1141057
2005-06-10,5.7344007,4.068707,3.497142
2005-06-18,8.261067,5.170871,5.7344007
2005-06-26,7.4870973,6.1490684,8.261067
2005-07-04,4.8166466,5.745628,7.4870973
2005-07-12,6.061316,4.2698936,4.8166466
2005-07-20,4.702859,4.895646,6.061316
2005-07-28,5.4450364,4.261136,4.702859
2005-08-05,4.4219875,4.6368647,5.4450364
2005-08-13,4.2990456,4.0371137,4.4219875
2005-08-21,3.6375349,4.003651,4.2990456
2005-08-29,6.1541796,3.5231612,3.6375349
2005-09-06,6.133539,4.9417634,6.1541796
2005-09-14,5.7197585,5.013021,6.133539
2005-09-22,6.994845,4.819728,5.7197585
2005-09-30,5.7012873,5.5046506,6.994845
2005-10-08,6.0531874,4.8528504,5.7012873
2005-10-16,6.4747357,5.130352,6.0531874
2005-10-24,5.060206,5.2023053,6.4747357
2005-11-01,4.7670093,4.32532,5.060206
2005-11-09,4.937526,4.0978923,4.7670093
2005-11-17,7.361825,4.0520735,4.937526
2005-11-25,3.4831378,5.002561,7.361825
2005-12-03,4.0368023,3.2181785,3.4831378
2005-12-11,3.955514,3.3497884,4.0368023
2005-12-19,2.9401042,2.9768913,3.955514
2005-12-27,2.2624357,2.3253827,2.9401042
2006-01-01,3.051783,2.0983543,2.2624357
2006-01-09,4.1032295,2.547134,3.051783
2006-01-17,4.1785126,3.2046938,4.1032295
2006-01-25,4.2666416,3.3664458,4.1785126
2006-02-02,5.240878,3.3429124,4.2666416
2006-02-10,3.101568,3.974826,5.240878
2006-02-18,5.5208945,2.9746346,3.101568
2006-02-26,3.3623834,4.308784,5.5208945
2006-03-06,3.2071593,2.881822,3.3623834
2006-03-14,4.985848,3.333409,3.2071593
2006-03-22,5.611485,4.2495446,4.985848
2006-03-30,2.6255615,4.2729993,5.611485
2006-04-07,3.2944553,2.6792538,2.6255615
2006-04-15,3.8644152,3.2876039,3.2944553
2006-04-23,4.434246,4.0415454,3.8644152
2006-05-01,5.2300644,4.367343,4.434246
2006-05-09,7.673081,4.7099323,5.2300644
2006-05-17,5.6079836,5.743676,7.673081
2006-05-25,4.5732417,4.5575294,5.6079836
2006-06-02,5.4589934,4.370743,4.5732417
2006-06-10,7.106027,4.790687,5.4589934
2006-06-18,5.924577,5.731505,7.106027
2006-06-26,4.0722156,5.2353077,5.924577
2006-07-04,2.8844535,4.0369534,4.0722156
2006-07-12,4.1961365,3.1770506,2.8844535
2006-07-20,7.01907,3.8649876,4.1961365
2006-07-28,4.98085,5.065154,7.01907
2006-08-05,5.287678,3.9949899,4.98085
2006-08-13,5.4406567,4.311875,5.287678
2006-08-21,4.205951,4.527154,5.4406567
2006-08-29,6.424214,3.9125626,4.205951
2006-09-06,4.6187053,5.030929,6.424214
2006-09-14,4.369133,4.055039,4.6187053
2006-09-22,3.2332633,3.8669999,4.369133
2006-09-30,3.860848,2.959963,3.2332633
2006-10-08,3.9902196,3.231975,3.860848
2006-10-16,5.9560947,3.2296417,3.9902196
2006-10-24,6.034643,4.4373264,5.9560947
2006-11-01,4.460209,4.4284053,6.034643
2006-11-09,2.3120341,3.3294475,4.460209
2006-11-17,4.5672226,2.4351342,2.3120341
2006-11-25,2.721701,3.4770782,4.5672226
2006-12-03,4.3870864,2.6862552,2.721701
2006-12-11,1.7507768,3.023228,4.3870864
2006-12-19,1.9733737,1.6894128,1.7507768
2006-12-27,1.670093,1.7593645,1.9733737
2007-01-01,2.0246243,1.7105504,1.670093
2007-01-09,1.7606403,1.9693276,2.0246243
2007-01-17,1.4687868,1.9366775,1.7606403
2007-01-25,1.0803467,1.6612358,1.4687868
2007-02-02,1.3631314,1.2154958,1.0803467
2007-02-10,1.4799742,1.3672163,1.3631314
2007-02-18,1.4697242,1.6441934,1.4799742
2007-02-26,2.4103405,1.8081583,1.4697242
2007-03-06,5.2231584,2.434304,2.4103405
2007-03-14,3.9448934,3.784787,5.2231584
2007-03-22,4.103888,3.3502123,3.9448934
2007-03-30,5.959236,3.8170416,4.103888
2007-04-07,3.8017478,4.719538,5.959236
2007-04-15,3.7180593,3.849022,3.8017478
2007-04-23,4.9469748,3.9411108,3.7180593
2007-05-01,4.9646773,4.4531455,4.9469748
2007-05-09,6.4821205,4.418691,4.9646773
2007-05-17,7.274168,5.2373857,6.4821205
2007-05-25,6.4654455,5.5038238,7.274168
2007-06-02,4.9818144,5.0367928,6.4654455
2007-06-10,4.324696,4.649725,4.9818144
2007-06-18,4.850744,4.427623,4.324696
2007-06-26,4.2523813,4.4612193,4.850744
2007-07-04,4.104589,4.1771245,4.2523813
2007-07-12,3.0415523,3.7612436,4.104589
2007-07-20,3.4677086,3.0277731,3.0415523
2007-07-28,3.6189957,3.3702452,3.4677086
2007-08-05,3.8899407,3.437127,3.6189957
2007-08-13,3.891404,3.5401073,3.8899407
2007-08-21,5.131293,3.6572523,3.891404
2007-08-29,4.48082,4.3406267,5.131293
2007-09-06,3.929544,4.061536,4.48082
2007-09-14,4.003918,3.8535295,3.929544
2007-09-22,4.644907,3.725461,4.003918
2007-09-30,3.429138,3.916082,4.644907
2007-10-08,3.0705342,3.3765254,3.429138
2007-10-16,3.422553,3.052104,3.0705342
2007-10-24,3.4406688,3.3004303,3.422553
2007-11-01,2.5762954,3.2490175,3.4406688
2007-11-09,3.1217268,2.5198486,2.5762954
2007-11-17,3.044568,2.6816394,3.1217268
2007-11-25,2.8169222,2.7956066,3.044568
2007-12-03,2.1134799,2.6696315,2.8169222
2007-12-11,2.5083523,2.1007595,2.1134799
2007-12-19,2.069216,2.1991065,2.5083523
2007-12-27,1.538346,2.049297,2.069216
2008-01-01,2.058566,1.8681426,1.538346
2008-01-09,2.4164186,1.9236093,2.058566
2008-01-17,2.3583522,2.2604768,2.4164186
2008-01-25,1.6566837,2.2701898,2.3583522
2008-02-02,2.2240036,1.6764572,1.6566837
2008-02-10,2.7926466,2.3262043,2.2240036
2008-02-18,2.056615,2.574316,2.7926466
2008-02-26,2.3665357,2.0400722,2.056615
2008-03-05,2.8778825,2.4198222,2.3665357
2008-03-13,3.5034585,3.1470962,2.8778825
2008-03-21,5.7630916,3.6103551,3.5034585
2008-03-29,3.6482565,4.5213547,5.7630916
2008-04-06,6.498681,3.3312814,3.6482565
2008-04-14,7.6374803,5.024409,6.498681
2008-04-22,5.6287813,5.6919346,7.6374803
2008-04-30,4.8037696,4.915049,5.6287813
2008-05-08,4.184837,4.5951,4.8037696
2008-05-16,6.4139633,4.097656,4.184837
2008-05-24,4.8876925,5.18075,6.4139633
2008-06-01,5.1751804,4.3176494,4.8876925
2008-06-09,4.4563437,4.8344455,5.1751804
2008-06-17,6.579857,4.1539965,4.4563437
2008-06-25,4.299087,5.0624585,6.579857
2008-07-03,2.6799812,3.853904,4.299087
2008-07-11,2.5594208,2.884784,2.6799812
2008-07-19,2.6684897,2.6124241,2.5594208
2008-07-27,4.2217298,2.7890995,2.6684897
2008-08-04,3.3236518,3.5766854,4.2217298
2008-08-12,2.3117309,3.0290558,3.3236518
2008-08-20,2.5343497,2.487144,2.3117309
2008-08-28,3.2531621,2.6708083,2.5343497
2008-09-05,5.0356407,2.9810805,3.2531621
2008-09-13,2.3991277,3.8857553,5.0356407
2008-09-21,4.599616,2.5592325,2.3991277
2008-09-29,3.4265876,3.86834,4.599616
2008-10-07,1.9129773,2.981385,3.4265876
2008-10-15,3.8848097,2.3941357,1.9129773
2008-10-23,6.7811227,3.4366543,3.8848097
2008-10-31,2.234218,4.5066433,6.7811227
2008-11-08,1.7499958,1.8479356,2.234218
2008-11-16,1.8804713,1.8932312,1.7499958
2008-11-24,1.2673478,1.9250264,1.8804713
2008-12-02,1.8978655,1.3650163,1.2673478
2008-12-10,2.0189142,1.6801171,1.8978655
2008-12-18,1.4948145,1.8466332,2.0189142
2008-12-26,1.6816308,1.6251372,1.4948145
2009-01-01,2.0364544,1.7708739,1.6816308
2009-01-09,1.9510707,1.9212328,2.0364544
2009-01-17,2.4525037,1.838933,1.9510707
2009-01-25,2.7157686,1.954855,2.4525037
2009-02-02,2.9024675,2.342561,2.7157686
2009-02-10,1.6428646,2.379009,2.9024675
2009-02-18,2.0360544,1.7664964,1.6428646
2009-02-26,2.5469356,1.8796202,2.0360544
2009-03-06,2.992611,2.1322818,2.5469356
2009-03-14,4.7057095,2.8960109,2.992611
2009-03-22,4.2310095,3.7425532,4.7057095
2009-03-30,5.397981,3.7768807,4.2310095
2009-04-07,3.477978,4.3593755,5.397981
2009-04-15,5.584318,3.5550544,3.477978
2009-04-23,5.441587,4.641664,5.584318
2009-05-01,5.3596683,4.6160054,5.441587
2009-05-09,4.9383593,4.399553,5.3596683
2009-05-17,5.328805,4.283926,4.9383593
2009-05-25,5.4856024,4.279558,5.328805
2009-06-02,3.781632,4.2939157,5.4856024
2009-06-10,3.879625,3.4462082,3.781632
2009-06-18,2.8825963,3.599126,3.879625
2009-06-26,4.707429,3.2127051,2.8825963
2009-07-04,4.0491242,4.117436,4.707429
2009-07-12,4.4008946,3.4865642,4.0491242
2009-07-20,3.1788356,3.6310499,4.4008946
2009-07-28,3.6044202,3.0285957,3.1788356
2009-08-05,7.0853586,3.1501439,3.6044202
2009-08-13,5.4184947,5.097857,7.0853586
2009-08-21,4.606247,4.2185154,5.4184947
2009-08-29,4.6465025,3.7821443,4.606247
2009-09-06,5.1083426,4.0121264,4.6465025
2009-09-14,3.8335698,4.2876596,5.1083426
2009-09-22,4.6096916,3.53172,3.8335698
2009-09-30,3.995809,4.0207744,4.6096916
2009-10-08,2.7246912,3.7879608,3.995809
2009-10-16,3.9030106,2.4828377,2.7246912
2009-10-24,1.955903,3.0317335,3.9030106
2009-11-01,2.809562,2.3286707,1.955903
2009-11-09,2.5798237,2.5488365,2.809562
2009-11-17,2.161368,2.3353724,2.5798237
2009-11-25,2.1069987,2.0980036,2.161368
2009-12-03,2.0018017,2.05413,2.1069987
2009-12-11,2.3814163,1.7126955,2.0018017
2009-12-19,1.78641,1.7262968,2.3814163
2009-12-27,2.6651654,1.5192381,1.78641
2010-01-01,2.248186,1.9173982,2.6651654
2010-01-09,1.1281078,1.7151966,2.248186
2010-01-17,1.6609229,1.081752,1.1281078
2010-01-25,2.0730846,1.4353583,1.6609229
2010-02-02,1.7725102,1.7221304,2.0730846
2010-02-10,2.1563988,1.6244364,1.7725102
2010-02-18,1.3951316,1.9550343,2.1563988
2010-02-26,1.5692352,1.4543967,1.3951316
2010-03-06,2.400667,1.6466613,1.5692352
2010-03-14,5.491864,2.9384537,2.400667
2010-03-22,6.254537,4.4290705,5.491864
2010-03-30,6.8164477,4.5538387,6.254537
2010-04-07,4.7099733,4.7140684,6.8164477
2010-04-15,2.5897694,3.9839988,4.7099733
2010-04-23,3.271055,2.7915795,2.5897694
2010-05-01,4.5797663,3.8058558,3.271055
2010-05-09,4.0388303,4.39538,4.5797663
2010-05-17,6.344127,3.982972,4.0388303
2010-05-25,5.0335226,5.038353,6.344127
2010-06-02,3.2388768,4.239787,5.0335226
2010-06-10,2.3405454,3.2420459,3.2388768
2010-06-18,2.9517527,3.012245,2.3405454
2010-06-26,5.1255045,3.1920843,2.9517527
2010-07-04,3.8187008,4.2702446,5.1255045
2010-07-12,4.3410144,3.2523315,3.8187008
2010-07-20,3.2491071,3.6493716,4.3410144
2010-07-28,3.3671074,3.0902061,3.2491071
2010-08-05,2.5878546,3.1824422,3.3671074
2010-08-13,3.6234071,2.8705127,2.5878546
2010-08-21,6.0622945,3.4209182,3.6234071
2010-08-29,7.6299887,4.73176,6.0622945
2010-09-06,4.5935955,5.528424,7.6299887
2010-09-14,4.2484455,4.1389685,4.5935955
2010-09-22,4.947189,3.9167976,4.2484455
2010-09-30,3.0342638,4.381404,4.947189
2010-10-08,4.0851917,3.1924381,3.0342638
2010-10-16,4.040569,3.7045805,4.0851917
2010-10-24,4.3804755,3.5905926,4.040569
2010-11-01,5.596904,3.5659437,4.3804755
2010-11-09,4.466249,3.9621747,5.596904
2010-11-17,3.407998,3.6773582,4.466249
2010-11-25,5.376381,3.405567,3.407998
2010-12-03,5.2638135,4.4124436,5.376381
2010-12-11,5.812077,3.6823156,5.2638135
2010-12-19,2.8151891,3.8774297,5.812077
2010-12-27,3.0828493,2.2127979,2.8151891
2011-01-01,2.6925044,2.8873253,3.0828493
2011-01-09,2.9106126,2.635223,2.6925044
2011-01-17,2.9319193,2.6193526,2.9106126
2011-01-25,3.3551023,2.6213012,2.9319193
2011-02-02,4.7293096,2.8407915,3.3551023
2011-02-10,3.9356506,3.7511556,4.7293096
2011-02-18,1.9967635,3.1405036,3.9356506
2011-02-26,3.1178355,2.3090553,1.9967635
2011-03-06,4.0705585,2.7406921,3.1178355
2011-03-14,2.763893,3.478623,4.0705585
2011-03-22,4.0001736,2.8809562,2.763893
2011-03-30,3.0279133,3.4037623,4.0001736
2011-04-07,4.33898,2.9193225,3.0279133
2011-04-15,4.497052,4.068529,4.33898
2011-04-23,6.2883897,4.2179236,4.497052
2011-05-01,8.759655,5.233752,6.2883897
2011-05-09,5.456745,6.12337,8.759655
2011-05-17,5.1932764,4.600724,5.456745
2011-05-25,2.9894798,4.485721,5.1932764
2011-06-02,2.7698016,3.590478,2.9894798
2011-06-10,2.525784,3.0717227,2.7698016
2011-06-18,5.0649757,3.000183,2.525784
2011-06-26,4.8658004,4.17921,5.0649757
2011-07-04,4.909317,4.0754476,4.8658004
2011-07-12,3.4782534,3.9895067,4.909317
2011-07-20,2.6875875,3.3520164,3.4782534
2011-07-28,2.792675,2.9329731,2.6875875
2011-08-05,2.951875,2.812825,2.792675
2011-08-13,4.7514057,2.934098,2.951875
2011-08-21,4.173198,3.9716928,4.7514057
2011-08-29,4.916988,3.6534083,4.173198
2011-09-06,6.459992,4.1559176,4.916988
2011-09-14,6.0309353,4.875931,6.459992
2011-09-22,5.3058276,4.781271,6.0309353
2011-09-30,4.620901,4.4703813,5.3058276
2011-10-08,5.066536,4.068232,4.620901
2011-10-16,4.860644,4.470485,5.066536
2011-10-24,5.0330696,4.156216,4.860644
2011-11-01,5.0701256,4.203652,5.0330696
2011-11-09,3.5021675,4.2816763,5.0701256
2011-11-17,2.6884422,3.2143648,3.5021675
2011-11-25,1.6628082,2.5643039,2.6884422
2011-12-03,2.1895032,1.947131,1.6628082
2011-12-11,1.9483948,2.0673099,2.1895032
2011-12-19,2.3326597,1.8038626,1.9483948
2011-12-27,1.7260526,2.009446,2.3326597
2012-01-01,1.4045182,1.6008508,1.7260526
2012-01-09,2.1563516,1.4464662,1.4045182
2012-01-17,1.5746406,1.9829704,2.1563516
2012-01-25,2.371791,1.6287591,1.5746406
2012-02-02,1.8161083,2.137251,2.371791
2012-02-10,1.6475912,1.6712503,1.8161083
2012-02-18,1.9139247,1.8707681,1.6475912
2012-02-26,2.8082035,2.1747015,1.9139247
2012-03-05,3.8916824,2.6219904,2.8082035
2012-03-13,2.1387336,3.1559083,3.8916824
2012-03-21,3.0160568,2.207049,2.1387336
2012-03-29,2.808377,2.6084213,3.0160568
2012-04-06,4.0214176,2.6629944,2.808377
2012-04-14,3.4081755,3.4831078,4.0214176
2012-04-22,3.5579686,3.2333474,3.4081755
2012-04-30,4.3355346,3.1813197,3.5579686
2012-05-08,3.28603,3.7036529,4.3355346
2012-05-16,3.690703,3.280703,3.28603
2012-05-24,4.392032,3.5286417,3.690703
2012-06-01,4.090728,4.025612,4.392032
2012-06-09,2.8790073,3.8068528,4.090728
2012-06-17,4.887271,3.1234245,2.8790073
2012-06-25,3.7819881,4.017483,4.887271
2012-07-03,5.359983,3.6112676,3.7819881
2012-07-11,3.5828762,4.311098,5.359983
2012-07-19,3.4876711,3.3505478,3.5828762
2012-07-27,2.791962,3.2664936,3.4876711
2012-08-04,2.3053474,2.8417983,2.791962
2012-08-12,2.0316558,2.5318842,2.3053474
2012-08-20,2.3993266,2.2565382,2.0316558
2012-08-28,2.755842,2.446613,2.3993266
2012-09-05,4.22307,2.702787,2.755842
2012-09-13,3.0956953,3.3831542,4.22307
2012-09-21,2.3265607,2.7179363,3.0956953
2012-09-29,3.5793686,2.4072146,2.3265607
2012-10-07,2.1908886,2.9247339,3.5793686
2012-10-15,2.604203,2.0523846,2.1908886
2012-10-23,2.623863,2.483742,2.604203
2012-10-31,3.2858806,2.4193199,2.623863
2012-11-08,2.753486,2.5927136,3.2858806
2012-11-16,1.7329026,2.507158,2.753486
2012-11-24,1.4295061,1.6240418,1.7329026
2012-12-02,1.6892623,1.2907757,1.4295061
2012-12-10,1.5116241,1.4758184,1.6892623
2012-12-18,1.6419871,1.4987752,1.5116241
2012-12-26,2.1220434,1.5496125,1.6419871
2013-01-01,2.8455303,1.9658891,2.1220434
2013-01-09,1.9642131,2.3480208,2.8455303
2013-01-17,2.9554822,2.1033134,1.9642131
2013-01-25,1.8170936,2.4263813,2.9554822
2013-02-02,2.4848144,1.8851774,1.8170936
2013-02-10,3.167951,2.3886998,2.4848144
2013-02-18,3.0286548,2.7589133,3.167951
2013-02-26,3.564842,2.8059363,3.0286548
2013-03-06,4.0063577,3.0390453,3.564842
2013-03-14,6.0943184,3.595368,4.0063577
2013-03-22,7.2403874,4.641465,6.0943184
2013-03-30,4.3100486,5.1540194,7.2403874
2013-04-07,2.8242674,3.559766,4.3100486
2013-04-15,3.732658,3.5926244,2.8242674
2013-04-23,4.074511,3.8438392,3.732658
2013-05-01,4.203718,3.709445,4.074511
2013-05-09,4.01591,3.6002553,4.203718
2013-05-17,4.2701116,3.5522006,4.01591
2013-05-25,4.0077825,4.0476336,4.2701116
2013-06-02,3.0897245,3.9109774,4.0077825
2013-06-10,4.3063927,3.261632,3.0897245
2013-06-18,5.066229,3.885341,4.3063927
2013-06-26,4.212102,4.3704023,5.066229
2013-07-04,3.3708735,3.8474689,4.212102
2013-07-12,4.3948226,3.272873,3.3708735
2013-07-20,2.3533156,3.7016513,4.3948226
2013-07-28,3.2587736,2.4701025,2.3533156
2013-08-05,3.037829,3.0458128,3.2587736
2013-08-13,4.550775,2.9141426,3.037829
2013-08-21,3.3904083,3.8046207,4.550775
2013-08-29,4.6867785,3.1588154,3.3904083
2013-09-06,4.615925,3.6534994,4.6867785
2013-09-14,4.3887153,3.7281067,4.615925
2013-09-22,5.1255383,4.0567107,4.3887153
2013-09-30,5.5216107,4.434084,5.1255383
2013-10-08,4.679097,4.5411124,5.5216107
2013-10-16,5.190921,3.9900887,4.679097
2013-10-24,3.2230904,3.97686,5.190921
2013-11-01,2.7204576,2.9489307,3.2230904
2013-11-09,2.3766568,2.6313014,2.7204576
2013-11-17,2.0670521,2.3718324,2.3766568
2013-11-25,2.8991895,2.1634111,2.0670521
2013-12-03,1.4020172,2.3941853,2.8991895
2013-12-11,2.283643,1.6266916,1.4020172
2013-12-19,1.7287222,1.8827546,2.283643
2013-12-27,2.8204422,1.6561083,1.7287222
2014-01-01,2.0803826,2.0754776,2.8204422
2014-01-09,1.4905338,1.6705298,2.0803826
2014-01-17,2.4815528,1.4815171,1.4905338
2014-01-25,1.8098341,1.9543289,2.4815528
2014-02-02,1.6258168,1.6800258,1.8098341
2014-02-10,1.8243233,1.7054217,1.6258168
2014-02-18,2.3534758,1.7317483,1.8243233
2014-02-26,1.7180014,2.0753918,2.3534758
2014-03-06,2.0315971,1.4994036,1.7180014
2014-03-14,2.823462,2.003343,2.0315971
2014-03-22,4.120824,2.5979743,2.823462
2014-03-30,5.503563,3.326232,4.120824
2014-04-07,4.3465247,3.980604,5.503563
2014-04-15,6.2696605,3.6841383,4.3465247
2014-04-23,5.1800923,4.5818768,6.2696605
2014-05-01,6.9049983,4.184975,5.1800923
2014-05-09,6.453148,5.197314,6.9049983
2014-05-17,6.431859,5.270022,6.453148
2014-05-25,5.503965,5.352478,6.431859
2014-06-02,6.461823,4.8518624,5.503965
2014-06-10,4.7021484,5.2712984,6.461823
2014-06-18,5.7858763,4.22371,4.7021484
2014-06-26,6.354657,4.7815423,5.7858763
2014-07-04,3.7339897,4.9639416,6.354657
2014-07-12,2.617912,3.090452,3.7339897
2014-07-20,2.7718465,2.4684145,2.617912
2014-07-28,2.3944685,2.6539822,2.7718465
2014-08-05,2.1772816,2.4701383,2.3944685
2014-08-13,2.1601923,2.359288,2.1772816
2014-08-21,2.258007,2.3068206,2.1601923
2014-08-29,2.7856886,2.2577982,2.258007
2014-09-06,3.5810504,2.6012928,2.7856886
2014-09-14,3.1456316,2.8685205,3.5810504
2014-09-22,1.7257302,2.4702406,3.1456316
2014-09-30,3.389707,1.736123,1.7257302
2014-10-08,1.8836398,2.78534,3.389707
2014-10-16,1.935442,1.7755636,1.8836398
2014-10-24,1.5905987,1.6335737,1.935442
2014-11-01,2.6558552,1.5827386,1.5905987
2014-11-09,1.9997705,2.2294786,2.6558552
2014-11-17,1.1377091,1.840546,1.9997705
2014-11-25,1.5512767,1.2028728,1.1377091
2014-12-03,1.1222484,1.3690361,1.5512767
2014-12-11,1.2267587,0.8726158,1.1222484
2014-12-19,1.2883682,0.9999934,1.2267587
2014-12-27,1.2331619,1.2229832,1.2883682
2015-01-01,1.6624862,1.2506671,1.2331619
2015-01-09,1.3586222,1.4483169,1.6624862
2015-01-17,1.8244985,1.2020874,1.3586222
2015-01-25,1.758017,1.5754842,1.8244985
2015-02-02,1.2569661,1.5532169,1.758017
2015-02-10,1.4990652,1.1681871,1.2569661
2015-02-18,1.2533972,1.481724,1.4990652
2015-02-26,2.6673841,1.3961303,1.2533972
2015-03-06,5.361254,2.329028,2.6673841
2015-03-14,3.018808,3.6444225,5.361254
2015-03-22,3.1534915,2.5235023,3.018808
2015-03-30,4.0257926,2.745196,3.1534915
2015-04-07,6.9134417,3.3360577,4.0257926
2015-04-15,5.3382053,5.213279,6.9134417
2015-04-23,4.7440834,4.548912,5.3382053
2015-05-01,5.0105114,4.204304,4.7440834
2015-05-09,4.910813,4.382704,5.0105114
2015-05-17,3.6939437,4.3392034,4.910813
2015-05-25,3.2279553,3.5444367,3.6939437
2015-06-02,3.5439107,3.2263002,3.2279553
2015-06-10,3.256939,3.3372576,3.5439107
2015-06-18,4.757155,3.1314058,3.256939
2015-06-26,2.9328806,4.1815634,4.757155
2015-07-04,2.0166984,2.8676918,2.9328806
2015-07-12,2.8120248,2.0272787,2.0166984
2015-07-20,2.437756,2.6695132,2.8120248
2015-07-28,2.3119075,2.299393,2.437756
2015-08-05,1.5921037,2.1706877,2.3119075
2015-08-13,2.6738093,1.8091773,1.5921037
2015-08-21,1.5448594,2.4234245,2.6738093
2015-08-29,3.2896943,1.773821,1.5448594
2015-09-06,3.04634,2.7372296,3.2896943
2015-09-14,3.215304,2.568247,3.04634
2015-09-22,3.4543083,2.5502684,3.215304
2015-09-30,3.2966588,2.834991,3.4543083
2015-10-08,2.6149778,2.8614776,3.2966588
2015-10-16,1.772984,2.3071535,2.6149778
2015-10-24,2.002202,1.7620019,1.772984
2015-11-01,2.266318,1.9535555,2.002202
2015-11-09,3.3548996,2.1812263,2.266318
2015-11-17,2.523723,2.758686,3.3548996
2015-11-25,1.774302,2.2856297,2.523723
2015-12-03,1.1056416,1.5409206,1.774302
2015-12-11,1.4105147,0.91408455,1.1056416
2015-12-19,1.5014961,1.3593729,1.4105147
2015-12-27,1.4528244,1.4699692,1.5014961
2016-01-01,1.4323903,1.460093,1.4528244
2016-01-09,1.446277,1.2111701,1.4323903
2016-01-17,1.5567715,1.2222958,1.446277
2016-01-25,1.644712,1.3707112,1.5567715
2016-02-02,2.1189418,1.6067047,1.644712
2016-02-10,1.7206894,1.946457,2.1189418
2016-02-18,2.1009946,1.6162121,1.7206894
2016-02-26,1.7784683,1.8402413,2.1009946
2016-03-05,1.756972,1.6318539,1.7784683
2016-03-13,2.4197164,1.8449813,1.756972
2016-03-21,3.3091848,2.421747,2.4197164
2016-03-29,5.2245073,3.0431862,3.3091848
2016-04-06,5.6374135,4.260647,5.2245073
2016-04-14,3.0958655,4.405035,5.6374135
2016-04-22,2.5181518,3.4403918,3.0958655
2016-04-30,3.52009,3.1522813,2.5181518
2016-05-08,3.7065175,3.4416156,3.52009
2016-05-16,4.6092634,3.3811164,3.7065175
2016-05-24,6.4876075,3.9329329,4.6092634
2016-06-01,6.826757,5.001908,6.4876075
2016-06-09,4.0240736,5.052468,6.826757
2016-06-17,5.5766644,3.922899,4.0240736
2016-06-25,6.4273453,4.73541,5.5766644
2016-07-03,5.2045345,5.2884836,6.4273453
2016-07-11,4.008527,4.258403,5.2045345
2016-07-19,5.234245,3.8663197,4.008527
2016-07-27,4.705785,4.578423,5.234245
2016-08-04,3.3745558,3.9327981,4.705785
2016-08-12,2.8783092,3.324371,3.3745558
2016-08-20,2.4863753,2.951784,2.8783092
2016-08-28,2.895055,2.6050787,2.4863753
2016-09-05,3.7041118,2.9471931,2.895055
2016-09-13,3.5475934,3.3770037,3.7041118
2016-09-21,2.8048313,3.126806,3.5475934
2016-09-29,3.8942158,2.861476,2.8048313
2016-10-07,3.5984197,3.373232,3.8942158
2016-10-15,3.6116326,3.1627865,3.5984197
2016-10-23,2.853661,3.1240966,3.6116326
2016-10-31,3.73848,2.4033122,2.853661
2016-11-08,4.252036,2.9432306,3.73848
2016-11-16,2.6014435,3.1799338,4.252036
2016-11-24,2.73551,2.4326725,2.6014435
2016-12-02,3.2828872,2.6589496,2.73551
2016-12-10,2.6137764,2.8166738,3.2828872
2016-12-18,2.8110783,2.3412557,2.6137764
2016-12-26,3.2434866,2.3695755,2.8110783
2017-01-01,1.9141015,2.4818873,3.2434866
2017-01-09,2.2623284,1.7308517,1.9141015
2017-01-17,2.3924854,1.983473,2.2623284
2017-01-25,2.7312627,1.9798666,2.3924854
2017-02-02,2.3789856,2.2594118,2.7312627
2017-02-10,2.4914184,1.9364604,2.3789856
2017-02-18,2.0751488,2.1202784,2.4914184
2017-02-26,2.4514043,2.0884855,2.0751488
2017-03-06,4.89976,2.38282,2.4514043
2017-03-14,3.6493385,3.8329246,4.89976
2017-03-22,2.5026846,3.1070874,3.6493385
2017-03-30,2.654958,2.6425488,2.5026846
2017-04-07,5.61946,2.9621544,2.654958
2017-04-15,4.1387663,4.360532,5.61946
2017-04-23,2.8023055,3.6599147,4.1387663
2017-05-01,4.2922344,3.2258859,2.8023055
2017-05-09,4.6384516,3.952849,4.2922344
2017-05-17,4.6895022,4.2228928,4.6384516
2017-05-25,5.0938997,4.223921,4.6895022
2017-06-02,4.1103864,4.4561286,5.0938997
2017-06-10,5.6808705,3.9583595,4.1103864
2017-06-18,4.365165,4.8865137,5.6808705
2017-06-26,3.4649389,4.0952334,4.365165
2017-07-04,6.2546744,3.6222012,3.4649389
2017-07-12,5.7203255,4.9066787,6.2546744
2017-07-20,5.0049005,4.578107,5.7203255
2017-07-28,4.5245237,4.319929,5.0049005
2017-08-05,3.2928197,3.9878356,4.5245237
2017-08-13,3.3051965,3.3430154,3.2928197
2017-08-21,2.3183668,3.3640087,3.3051965
2017-08-29,3.168964,2.6476812,2.3183668
2017-09-06,2.9966848,3.0600286,3.168964
2017-09-14,4.388037,2.8729298,2.9966848
2017-09-22,5.597887,3.9503767,4.388037
2017-09-30,4.956752,4.557062,5.597887
2017-10-08,3.9158258,4.350521,4.956752
2017-10-16,4.3900714,3.673237,3.9158258
2017-10-24,3.8982873,3.660886,4.3900714
2017-11-01,3.2942567,3.3850386,3.8982873
2017-11-09,2.788655,2.824839,3.2942567
2017-11-17,3.3962831,2.408709,2.788655
2017-11-25,3.4240248,2.7145271,3.3962831
2017-12-03,2.921868,2.7384279,3.4240248
2017-12-11,2.1447468,2.3988056,2.921868
2017-12-19,1.746787,1.9590781,2.1447468
2017-12-27,2.1155825,1.8211861,1.746787
2018-01-01,2.1249015,1.8794723,2.1155825
2018-01-09,1.9589739,1.712054,2.1249015
2018-01-17,2.0725305,1.7600484,1.9589739
2018-01-25,2.1037507,1.8577834,2.0725305
2018-02-02,3.6753106,1.8877887,2.1037507
2018-02-10,2.0637078,2.818821,3.6753106
2018-02-18,1.68564,2.1331754,2.0637078
2018-02-26,1.89424,2.0410597,1.68564
2018-03-06,2.5013065,2.0190547,1.89424
2018-03-14,1.9915073,2.2173758,2.5013065
2018-03-22,2.6452386,2.0294793,1.9915073
2018-03-30,6.155056,2.7260873,2.6452386
2018-04-07,4.7356334,4.578476,6.155056
2018-04-15,6.027976,4.1880054,4.7356334
2018-04-23,3.78433,4.9646354,6.027976
2018-05-01,4.944493,3.7856088,3.78433
2018-05-09,4.982182,4.4687934,4.944493
2018-05-17,4.894488,4.639838,4.982182
2018-05-25,3.8442166,4.5569005,4.894488
2018-06-02,6.9051123,4.0851684,3.8442166
2018-06-10,3.45534,5.53199,6.9051123
2018-06-18,5.82811,3.8921053,3.45534
2018-06-26,3.6972146,4.85906,5.82811
2018-07-04,4.621103,3.7512164,3.6972146
2018-07-12,2.2493699,3.9041438,4.621103
2018-07-20,2.4541037,2.4565709,2.2493699
2018-07-28,2.9485087,2.5778935,2.4541037
2018-08-05,7.26593,2.8669608,2.9485087
2018-08-13,3.1969454,5.0085907,7.26593
2018-08-21,2.2640667,2.9498148,3.1969454
2018-08-29,2.5962574,2.5642185,2.2640667
2018-09-06,3.6503644,2.7338767,2.5962574
2018-09-14,4.823146,3.3703485,3.6503644
2018-09-22,3.9602377,4.127264,4.823146
2018-09-30,2.50521,3.4964359,3.9602377
2018-10-08,4.040309,2.5147676,2.50521
2018-10-16,3.7212732,3.2663643,4.040309
2018-10-24,2.8613052,2.994719,3.7212732
2018-11-01,3.0287082,2.80804,2.8613052
2018-11-09,3.0816054,2.8230891,3.0287082
2018-11-17,2.4773548,2.4340339,3.0816054
2018-11-25,1.6829673,1.8930796,2.4773548
2018-12-03,2.3222082,1.6956545,1.6829673
2018-12-11,2.1980379,1.7665958,2.3222082
2018-12-19,1.5280334,1.6163286,2.1980379
2018-12-27,1.435847,1.444181,1.5280334
2019-01-01,1.2573926,1.5930599,1.435847
2019-01-09,1.262604,1.2483348,1.2573926
2019-01-17,1.568073,1.0258303,1.262604
2019-01-25,1.9647161,1.3389709,1.568073
2019-02-02,1.4018235,1.6174632,1.9647161
2019-02-10,1.6425123,1.385405,1.4018235
2019-02-18,2.1038787,1.5724492,1.6425123
2019-02-26,1.9141892,2.1372502,2.1038787
2019-03-06,2.5647502,1.7737874,1.9141892
2019-03-14,3.1950026,2.4999363,2.5647502
2019-03-22,2.3776188,2.6056998,3.1950026
2019-03-30,3.598532,2.0425298,2.3776188
2019-04-07,2.6788223,2.9682486,3.598532
2019-04-15,4.598783,2.9911497,2.6788223
2019-04-23,6.1767526,3.9506884,4.598783
2019-05-01,5.204307,4.4995785,6.1767526
2019-05-09,3.5382166,3.832409,5.204307
2019-05-17,2.992083,3.2719474,3.5382166
2019-05-25,4.417831,3.3079193,2.992083
2019-06-02,4.8851876,4.0351496,4.417831
2019-06-10,6.2714543,3.991817,4.8851876
2019-06-18,5.4921303,4.3865066,6.2714543
2019-06-26,4.730598,4.272879,5.4921303
2019-07-04,4.019416,4.1239333,4.730598
2019-07-12,3.6482062,3.5678368,4.019416
2019-07-20,4.6572604,3.3582592,3.6482062
2019-07-28,5.20008,3.7855484,4.6572604
2019-08-05,7.2228904,4.0107613,5.20008
2019-08-13,6.4816575,5.1388245,7.2228904
2019-08-21,5.7030215,4.890663,6.4816575
2019-08-29,5.4353366,4.410372,5.7030215
2019-09-06,4.9430175,4.272957,5.4353366
2019-09-14,5.894438,4.1127276,4.9430175
2019-09-22,4.8737807,4.5673623,5.894438
2019-09-30,5.0862293,4.0215907,4.8737807
2019-10-08,6.9953146,4.31442,5.0862293
2019-10-16,3.718177,5.086778,6.9953146
2019-10-24,5.8546243,3.4457703,3.718177
2019-11-01,6.4741,4.320506,5.8546243
2019-11-09,3.741991,4.3364105,6.4741
2019-11-17,2.9778008,3.0001369,3.741991
2019-11-25,2.6847453,2.7069407,2.9778008
2019-12-03,1.5011543,2.297265,2.6847453
2019-12-11,1.8826108,1.3211906,1.5011543
2019-12-19,1.7318606,1.755208,1.8826108
2019-12-27,1.8989985,1.5626842,1.7318606
2020-01-01,2.439557,1.7076283,1.8989985
2020-01-09,1.5950089,1.961029,2.439557
2020-01-17,1.5863888,1.6553409,1.5950089
2020-01-25,1.5442697,1.4145334,1.5863888
2020-02-02,1.4556214,1.3989987,1.5442697
2020-02-10,1.8724931,1.5531462,1.4556214
2020-02-18,2.50157,1.7322174,1.8724931
2020-02-26,3.0242321,2.1101859,2.50157
2020-03-05,3.0677195,2.4061952,3.0242321
2020-03-13,1.5225773,2.5893629,3.0677195
2020-03-21,2.0766902,1.6668705,1.5225773
2020-03-29,3.2602046,2.0912735,2.0766902
2020-04-06,5.2169213,2.9543955,3.2602046
2020-04-14,4.3289046,3.9656835,5.2169213
2020-04-22,7.6494045,3.534747,4.3289046
2020-04-30,9.06783,5.277959,7.6494045
2020-05-08,4.307419,6.1046157,9.06783
2020-05-16,3.082351,3.7262783,4.307419
2020-05-24,3.3015842,3.4477203,3.082351
2020-06-01,4.45695,3.3252602,3.3015842
2020-06-09,5.568424,4.0637164,4.45695
2020-06-17,4.735467,4.6526594,5.568424
2020-06-25,5.0439734,3.9713116,4.735467
2020-07-03,4.6972923,4.2007647,5.0439734
2020-07-11,4.9157453,3.9015296,4.6972923
2020-07-19,2.9407382,3.920206,4.9157453
2020-07-27,3.0141668,2.7822773,2.9407382
2020-08-04,3.653382,2.9106967,3.0141668
2020-08-12,5.1450286,3.298502,3.653382
2020-08-20,3.2887814,3.9200432,5.1450286
2020-08-28,3.94272,2.8330376,3.2887814
2020-09-05,4.9890623,3.2357538,3.94272
2020-09-13,4.1170945,3.686335,4.9890623
2020-09-21,3.6358788,3.2132907,4.1170945
2020-09-29,3.001508,3.2001946,3.6358788
2020-10-07,3.3858335,2.8000803,3.001508
2020-10-15,5.143367,2.9891405,3.3858335
2020-10-23,5.618667,3.9168367,5.143367
2020-10-31,4.012542,4.017324,5.618667
2020-11-08,3.4385502,3.2886,4.012542
2020-11-16,5.169189,3.1464279,3.4385502
2020-11-24,3.6821592,3.8452551,5.169189
2020-12-02,3.8354874,3.2017097,3.6821592
2020-12-10,2.356201,3.0351167,3.8354874
2020-12-18,3.0884416,2.17658,2.356201
2020-12-26,2.1558309,2.510664,3.0884416
2021-01-01,2.6323729,1.9649723,2.1558309
2021-01-09,2.1665845,2.1772752,2.6323729
2021-01-17,1.9923437,1.9070195,2.1665845
2021-01-25,1.5591435,1.7615138,1.9923437
2021-02-02,2.3274844,1.4889734,1.5591435
2021-02-10,1.9423069,2.1134887,2.3274844
2021-02-18,3.6755464,2.1772766,1.9423069
2021-02-26,5.543717,2.972346,3.6755464
2021-03-06,5.062049,3.607987,5.543717
2021-03-14,4.2276196,3.682819,5.062049
2021-03-22,5.22187,3.6023698,4.2276196
2021-03-30,5.3271666,4.2426424,5.22187
2021-04-07,4.838426,4.2538023,5.3271666
2021-04-15,4.3692455,4.2972565,4.838426
2021-04-23,7.496155,3.8474448,4.3692455
2021-05-01,4.853705,5.4584265,7.496155
2021-05-09,3.4358766,4.356846,4.853705
2021-05-17,2.9363937,3.3757305,3.4358766
2021-05-25,3.4083292,3.2399647,2.9363937
2021-06-02,4.827525,3.3732204,3.4083292
2021-06-10,5.1248293,4.0862374,4.827525
2021-06-18,2.6989517,4.1011605,5.1248293
2021-06-26,2.2225614,2.5680287,2.6989517
